-- Insertion des données dans la table LIEU
INSERT INTO LIEU (id_lieu, nom_lieu, capacité_max_lieu, ville_lieu) VALUES
(1, 'Salle de Concert A', 500, 'Paris'),
(2, 'Salle de Concert B', 1000, 'Lyon'),
(3, 'Stade C', 20000, 'Marseille'),
(4, 'Théâtre D', 300, 'Bordeaux'),
(5, 'Palais des Congrès E', 1500, 'Toulouse'),
(6, 'Salle Z', 700, 'Nice'),
(7, 'Le Parc F', 5000, 'Lille'),
(8, 'Auditorium G', 1200, 'Strasbourg'),
(9, 'Arena H', 2500, 'Nantes'),
(10, 'Club I', 200, 'Montpellier');

-- Insertion des données dans la table ARTISTE
INSERT INTO ARTISTE (id_art, nom_art, type_art, nationalite_art) VALUES
(1, 'Artiste A', 'Rock', 'Française'),
(2, 'Artiste B', 'Pop', 'Américaine'),
(3, 'Artiste C', 'Jazz', 'Britannique'),
(4, 'Artiste D', 'Classique', 'Allemande'),
(5, 'Artiste E', 'Electro', 'Française'),
(6, 'Artiste F', 'Indie', 'Canadienne'),
(7, 'Artiste G', 'R&B', 'Africain'),
(8, 'Artiste H', 'Reggae', 'Jamaïquaine'),
(9, 'Artiste I', 'Folk', 'Espagnole'),
(10, 'Artiste J', 'Métal', 'Danoise'),
(11, 'Artiste K', 'Chanson', 'Française'),
(12, 'Artiste L', 'Hip-Hop', 'Néerlandaise'),
(13, 'Artiste M', 'Punk', 'Italienne'),
(14, 'Artiste N', 'Blues', 'Américaine'),
(15, 'Artiste O', 'Pop', 'Suédoise');

-- Insertion des données dans la table EMPLOYE
INSERT INTO EMPLOYE (id_emp, nom_emp, fonction_emp, id_emp_supérieur) VALUES
(1, 'Jean Dupont', 'Responsable Événements', NULL),
(2, 'Marie Dubois', 'Chargé de billetterie', 1),
(3, 'Luc Martin', 'Technicien', 1),
(4, 'Sophie Lefevre', 'Responsable sécurité', 1),
(5, 'Pierre Leclerc', 'Gestionnaire matériel', 1),
(6, 'Claire Bernard', 'Chargée de communication', 1),
(7, 'Nicolas Granger', 'Agent d’accueil', 2),
(8, 'Emilie Roche', 'Superviseur billetterie', 2),
(9, 'Vincent Leroy', 'Technicien son', 3),
(10, 'Caroline Richard', 'Logistique', 4);

-- Insertion des données dans la table SPONSOR
INSERT INTO SPONSOR (id_spons, nom_spons) VALUES
(1, 'Sponsor A'),
(2, 'Sponsor B'),
(3, 'Sponsor C'),
(4, 'Sponsor D'),
(5, 'Sponsor E');

-- Insertion des données dans la table MATERIEL
INSERT INTO MATERIEL (id_mat, type_mat) VALUES
(1, 'Microphone'),
(2, 'Haut-parleur'),
(3, 'Table de mixage'),
(4, 'Projecteur'),
(5, 'Écran LED'),
(6, 'Ordinateur'),
(7, 'Câble audio'),
(8, 'Ampli'),
(9, 'Générateur'),
(10, 'Caméra');

-- Insertion des données dans la table PARTICIPANT
INSERT INTO PARTICIPANT (id_part, nom_part, email_part, num_part) VALUES
(1, 'Alice Dupont', 'alice.dupont@example.com', '0123456789'),
(2, 'Bob Martin', 'bob.martin@example.com', '0123456788'),
(3, 'Chloé Lefevre', 'chloe.lefevre@example.com', '0123456787'),
(4, 'David Roche', 'david.roche@example.com', '0123456786'),
(5, 'Eva Bernard', 'eva.bernard@example.com', '0123456785'),
(6, 'François Leclerc', 'francois.leclerc@example.com', '0123456784'),
(7, 'Gabrielle Granger', 'gabrielle.granger@example.com', '0123456783'),
(8, 'Hélène Leroy', 'helene.leroy@example.com', '0123456782'),
(9, 'Isabelle Richard', 'isabelle.richard@example.com', '0123456781'),
(10, 'Jacques Lefevre', 'jacques.lefevre@example.com', '0123456780'),
(11, 'Katherine Martin', 'katherine.martin@example.com', '0123456779'),
(12, 'Louis Granger', 'louis.granger@example.com', '0123456778'),
(13, 'Monique Bernard', 'monique.bernard@example.com', '0123456777'),
(14, 'Nathalie Roche', 'nathalie.roche@example.com', '0123456776'),
(15, 'Olivier Lefevre', 'olivier.lefevre@example.com', '0123456775'),
(16, 'Pierre Dubois', 'pierre.dubois@example.com', '0123456774'),
(17, 'Quentin Bernard', 'quentin.bernard@example.com', '0123456773'),
(18, 'Rachel Leclerc', 'rachel.leclerc@example.com', '0123456772'),
(19, 'Samuel Leroy', 'samuel.leroy@example.com', '0123456771'),
(20, 'Thérèse Martin', 'therese.martin@example.com', '0123456770'),
(21, 'Ursula Lefevre', 'ursula.lefevre@example.com', '0123456769'),
(22, 'Victor Roche', 'victor.roche@example.com', '0123456768'),
(23, 'Wendy Bernard', 'wendy.bernard@example.com', '0123456767'),
(24, 'Xavier Granger', 'xavier.granger@example.com', '0123456766'),
(25, 'Yvonne Leclerc', 'yvonne.leclerc@example.com', '0123456765'),
(26, 'Zacharie Lefevre', 'zacharie.lefevre@example.com', '0123456764'),
(27, 'Alice Richard', 'alice.richard@example.com', '0123456763'),
(28, 'Benjamin Lefevre', 'benjamin.lefevre@example.com', '0123456762'),
(29, 'Charlotte Bernard', 'charlotte.bernard@example.com', '0123456761'),
(30, 'Denis Granger', 'denis.granger@example.com', '0123456760'),
(31, 'Elise Martin', 'elise.martin@example.com', '0123456759'),
(32, 'Fanny Roche', 'fanny.roche@example.com', '0123456758'),
(33, 'Georges Lefevre', 'georges.lefevre@example.com', '0123456757'),
(34, 'Hélène Granger', 'helene.granger@example.com', '0123456756'),
(35, 'Ingrid Bernard', 'ingrid.bernard@example.com', '0123456755'),
(36, 'Julien Leclerc', 'julien.leclerc@example.com', '0123456754'),
(37, 'Karine Leroy', 'karine.leroy@example.com', '0123456753'),
(38, 'Laurent Lefevre', 'laurent.lefevre@example.com', '0123456752'),
(39, 'Marie Richard', 'marie.richard@example.com', '0123456751'),
(40, 'Nadine Martin', 'nadine.martin@example.com', '0123456750');

-- Insertion des données dans la table EVENEMENT
INSERT INTO EVENEMENT (id_ev, nom_ev, type_ev, date_debut_ev, date_fin_ev, statut_ev, id_lieu) VALUES
(1, 'Concert Rock A', 'Concert', '2026-05-01', '2026-05-02', 'prevu', 1),
(2, 'Festival Pop B', 'Festival', '2026-06-10', '2026-06-12', 'en_cours', 2),
(3, 'Jazz Night C', 'Concert', '2026-04-15', '2026-04-16', 'terminé', 3),
(4, 'Opéra D', 'Spectacle', '2026-07-05', '2026-07-06', 'prevu', 4),
(5, 'Electro Party E', 'Soirée', '2026-08-01', '2026-08-02', 'annulé', 5),
(6, 'Indie Concert F', 'Concert', '2026-09-10', '2026-09-11', 'prevu', 6),
(7, 'Reggae Festival G', 'Festival', '2026-10-15', '2026-10-17', 'en_cours', 7),
(8, 'Folk Music H', 'Concert', '2026-11-20', '2026-11-21', 'terminé', 8),
(9, 'Rock Festival I', 'Festival', '2026-12-05', '2026-12-07', 'prevu', 9),
(10, 'Hip-Hop Event J', 'Concert', '2026-12-20', '2026-12-21', 'terminé', 10);

-- Insertion des données dans la table CONTRAT
INSERT INTO CONTRAT (id_ev, id_art, id_contr, montant_contr, date_signature_contr, statut_contr) VALUES
(1, 1, 1, 10000, '2026-01-01', 'signé'),
(1, 2, 2, 15000, '2026-02-15', 'en cours'),
(2, 3, 3, 20000, '2026-03-10', 'signé'),
(3, 4, 4, 12000, '2026-04-10', 'terminé'),
(4, 5, 5, 25000, '2026-05-20', 'signé'),
(5, 6, 6, 3000, '2026-06-15', 'signé'),
(6, 7, 7, 8000, '2026-07-01', 'en cours'),
(7, 8, 8, 5000, '2026-08-10', 'terminé'),
(8, 9, 9, 22000, '2026-09-15', 'signé'),
(9, 10, 10, 18000, '2026-10-01', 'en cours'),
(10, 11, 11, 12000, '2026-11-01', 'signé'),
(1, 12, 12, 15000, '2026-01-20', 'terminé'),
(2, 13, 13, 9000, '2026-02-20', 'en cours'),
(3, 14, 14, 11000, '2026-03-05', 'signé'),
(4, 2, 15, 25000, '2026-04-01', 'en cours'),
(5, 5, 16, 15000, '2026-05-25', 'terminé'),
(6, 9, 17, 7000, '2026-06-01', 'en cours'),
(7, 11, 18, 16000, '2026-07-15', 'signé'),
(8, 3, 19, 11000, '2026-08-10', 'signé'),
(9, 4, 20, 17000, '2026-09-20', 'en cours'),
(10, 10, 21, 13000, '2026-10-05', 'terminé'),
(1, 12, 22, 10000, '2026-11-01', 'en cours'),
(2, 6, 23, 6000, '2026-12-01', 'signé'),
(3, 5, 24, 14000, '2026-01-25', 'signé'),
(4, 8, 25, 9000, '2026-02-10', 'terminé'),
(5, 10, 26, 3000, '2026-03-15', 'signé'),
(6, 2, 27, 7000, '2026-04-25', 'en cours'),
(7, 1, 28, 11000, '2026-05-30', 'terminé'),
(8, 7, 29, 8000, '2026-06-05', 'signé'),
(9, 6, 30, 12000, '2026-07-20', 'signé');

-- Insertion des données dans la table CATEGORIE_BILLET
INSERT INTO CATEGORIE_BILLET (id_cat, prix_cat, nbr_place_dispo, id_ev) VALUES
(1, 50, 100, 1),
(2, 75, 150, 2),
(3, 30, 200, 3),
(4, 20, 500, 4),
(5, 100, 50, 5);

-- Insertion des données dans la table BILLET
INSERT INTO BILLET (id_billet, id_cat, id_part) VALUES
(1, 1, 1),
(2, 1, 2),
(3, 2, 3),
(4, 2, 4),
(5, 3, 5),
(6, 3, 6),
(7, 4, 7),
(8, 4, 8),
(9, 5, 9),
(10, 5, 10),
(11, 1, 11),
(12, 1, 12),
(13, 2, 13),
(14, 2, 14),
(15, 3, 15),
(16, 3, 16),
(17, 4, 17),
(18, 4, 18),
(19, 5, 19),
(20, 5, 20),
(21, 1, 21),
(22, 1, 22),
(23, 2, 23),
(24, 2, 24),
(25, 3, 25),
(26, 3, 26),
(27, 4, 27),
(28, 4, 28),
(29, 5, 29),
(30, 5, 30),
(31, 1, 31),
(32, 1, 32),
(33, 2, 33),
(34, 2, 34),
(35, 3, 35),
(36, 3, 36),
(37, 4, 37),
(38, 4, 38),
(39, 5, 39),
(40, 5, 40),
(41, 1, 1),
(42, 1, 2),
(43, 2, 3),
(44, 2, 4),
(45, 3, 5),
(46, 3, 6),
(47, 4, 7),
(48, 4, 8),
(49, 5, 9),
(50, 5, 10);

-- Insertion des données dans la table AFFECTER
INSERT INTO AFFECTER (id_ev, id_emp) VALUES
(1, 1),
(1, 2),
(2, 3),
(2, 4),
(3, 5),
(3, 6),
(4, 7),
(4, 8),
(5, 9),
(5, 10),
(6, 1),
(6, 2),
(7, 3),
(7, 4),
(8, 5),
(8, 6),
(9, 7),
(9, 8),
(10, 9),
(10, 10);

-- Insertion des données dans la table UTILISER
INSERT INTO UTILISER (id_ev, id_mat, quantite) VALUES
(1, 1, 5),
(1, 2, 3),
(2, 3, 4),
(2, 4, 6),
(3, 5, 2),
(3, 6, 1),
(4, 7, 5),
(4, 8, 3),
(5, 9, 2),
(5, 10, 4),
(6, 1, 6),
(6, 2, 7),
(7, 3, 3),
(7, 4, 8),
(8, 5, 4),
(8, 6, 3),
(9, 7, 2),
(9, 8, 6),
(10, 9, 5),
(10, 10, 1);

-- Insertion des données dans la table FINANCER
INSERT INTO FINANCER (id_ev, id_spons, montant) VALUES
(1, 1, 5000),
(2, 2, 10000),
(3, 3, 15000),
(4, 4, 20000),
(5, 5, 3000);
